<?xml version="1.0" encoding="UTF-8"?>
<launch4jConfig>
  <dontWrapJar>false</dontWrapJar>
  <headerType>gui</headerType>
  <jar>C:\Users\aboyle\repos\MCPMappingViewer\build\libs\MCPMappingViewer-all.jar</jar>
  <outfile>C:\Users\aboyle\repos\MCPMappingViewer\build\libs\MCPMappingViewer_1.0.0.exe</outfile>
  <errTitle></errTitle>
  <cmdLine></cmdLine>
  <chdir>.</chdir>
  <priority>normal</priority>
  <downloadUrl>http://java.com/download</downloadUrl>
  <supportUrl>http://www.minecraftforum.net/topic/2115030-</supportUrl>
  <stayAlive>true</stayAlive>
  <restartOnCrash>false</restartOnCrash>
  <manifest></manifest>
  <icon>C:\Users\aboyle\Dropbox\bspkrs256.ico</icon>
  <jre>
    <path></path>
    <bundledJre64Bit>false</bundledJre64Bit>
    <bundledJreAsFallback>false</bundledJreAsFallback>
    <minVersion>1.7.0</minVersion>
    <maxVersion></maxVersion>
    <jdkPreference>preferJre</jdkPreference>
    <runtimeBits>64/32</runtimeBits>
  </jre>
  <versionInfo>
    <fileVersion>1.0.0.0</fileVersion>
    <txtFileVersion>1.0.0</txtFileVersion>
    <fileDescription>MCP Mapping Viewer 1.0.0</fileDescription>
    <copyright>Copyright 2013-2016 bspkrs, portions Copyright 2013 Alex &quot;Immibis&quot; Campbell</copyright>
    <productVersion>1.0.0.0</productVersion>
    <txtProductVersion>1.0.0</txtProductVersion>
    <productName>MCP Mapping Viewer</productName>
    <companyName></companyName>
    <internalName>MCPMappingViewer_1.0.0</internalName>
    <originalFilename>MCPMappingViewer_1.0.0.exe</originalFilename>
    <trademarks></trademarks>
    <language>ENGLISH_US</language>
  </versionInfo>
</launch4jConfig>